{
  "_id": "_design/event",
  "views": {
    "byPhonenumber": {
      "map": "function (doc) { if (doc.type == 'event') { emit(doc.phonenumber, {_id: doc._id}) } } "
    },
    "all": {
      "map": "function (doc) { if (doc.type == 'event'){ emit([doc._id], doc); } else if (doc.type == 'vote') { emit([doc.event_id, doc.vote, doc._id], doc); } }",
      "reduce": "_count"
    },
    "votes": {
      "map": "function (doc) { if (doc.type == 'vote') { emit([doc.event_id, doc._id], doc.event_id); }}"
    },
    "list": {
      "map": "function (doc) { if (doc.type == 'event'){ emit([doc._id], doc); } }"
    }
  }
}
